{"cameraMode":{"drawMode":0,"name":"Shaded","section":"Shading Mode"},"sceneLighting":true,"audioPlay":false,"sceneViewState":{"showFog":true,"showMaterialUpdate":false,"showSkybox":true,"showFlares":true,"showImageEffects":true,"showParticleSystems":true},"in2DMode":false,"pivot":{"x":-7.101690769195557,"y":-82.3211669921875,"z":139.0743408203125},"rotation":{"x":0.26521235704421999,"y":-0.023137927055358888,"z":0.006366874556988478,"w":0.9639045596122742},"size":166.56332397460938,"orthographic":false}