{"cameraMode":{"drawMode":0,"name":"Shaded","section":"Shading Mode"},"sceneLighting":false,"audioPlay":false,"sceneViewState":{"showFog":true,"showMaterialUpdate":false,"showSkybox":false,"showFlares":true,"showImageEffects":true,"showParticleSystems":true},"in2DMode":false,"pivot":{"x":-0.32920265197753909,"y":2.327165365219116,"z":0.2668456733226776},"rotation":{"x":0.1344844251871109,"y":0.04012295603752136,"z":-0.0054434072226285938,"w":0.9901203513145447},"size":8.689242362976075,"orthographic":false}