{"cameraMode":{"drawMode":0,"name":"Shaded","section":"Shading Mode"},"sceneLighting":false,"audioPlay":false,"sceneViewState":{"showFog":true,"showMaterialUpdate":false,"showSkybox":false,"showFlares":true,"showImageEffects":true,"showParticleSystems":true},"in2DMode":false,"pivot":{"x":4.496836185455322,"y":1.3261299133300782,"z":8.815058708190918},"rotation":{"x":-0.013119467534124852,"y":0.10574337840080261,"z":0.0013758329441770912,"w":0.9943888783454895},"size":22.0,"orthographic":false}