{"cameraMode":{"drawMode":0,"name":"Shaded","section":"Shading Mode"},"sceneLighting":true,"audioPlay":false,"sceneViewState":{"showFog":true,"showMaterialUpdate":false,"showSkybox":false,"showFlares":true,"showImageEffects":true,"showParticleSystems":true},"in2DMode":false,"pivot":{"x":2.4037671089172365,"y":32.51823425292969,"z":-59.47831726074219},"rotation":{"x":-0.004190907347947359,"y":-0.001686796429567039,"z":0.00015221508510876447,"w":1.0002272129058838},"size":87.6134262084961,"orthographic":false}